{"cameraMode":{"drawMode":0,"name":"Shaded","section":"Shading Mode"},"sceneLighting":false,"audioPlay":false,"sceneViewState":{"m_AlwaysRefresh":false,"showFog":true,"showSkybox":true,"showFlares":true,"showImageEffects":true,"showParticleSystems":true,"showVisualEffectGraphs":true,"m_FxEnabled":true},"in2DMode":false,"pivot":{"x":-3.0842995643615724,"y":-3.447887659072876,"z":52.90177917480469},"rotation":{"x":0.15565955638885499,"y":-0.014822239056229592,"z":0.0023249422665685417,"w":0.987716019153595},"size":14.458518981933594,"orthographic":false}